0,YOIZ7OY77T,0.0018002986907958984
0,I3U6O99377,0.001230478286743164
0,63O9YY99UE,0.0012552738189697266
0,T7IZ6TUE67,0.0012369155883789062
0,YOY99Z36OE,0.0012390613555908203
0,7YIOI9IOZY,0.0012195110321044922
0,3YE3699EY9,0.0012173652648925781
0,Y77OE3UUY3,0.0013284683227539062
0,I6ZII367IO,0.0012886524200439453
0,7669ZYUU9T,0.0011444091796875
0,EEOIO3YTY9,0.0012469291687011719
0,IOIE9U3E37,0.0012388229370117188
0,Y7ETIUY7UT,0.0012545585632324219
0,9T97IITYIE,0.0014047622680664062
0,UYETZY6IEZ,0.0012197494506835938
0,IT7ZTEUE77,0.001211404800415039
0,6ZE39EZ3TY,0.0013933181762695312
0,O9IU3UIIU9,0.0012531280517578125
0,UZ7EZY9E63,0.001155853271484375
0,96IUT79EYI,0.001253366470336914
0,9I377UYI9T,0.0015850067138671875
0,Y7O3TI3763,0.0011963844299316406
0,UZU66OE9OE,0.0012574195861816406
0,IT7TT3I9Y6,0.002476215362548828
0,6Z99IY36YT,0.0012295246124267578
0,YZOU6O6ZU6,0.0021467208862304688
0,Y79OZEOZUZ,0.0012137889862060547
0,3T7O9UIZ7Y,0.001199483871459961
0,O9ZO97YE79,0.0013682842254638672
0,97EY77Y6OU,0.0012576580047607422
0,6ZOE6YI7IY,0.0011985301971435547
0,9E9U6T93YZ,0.001271963119506836
0,UUZEI3YTU6,0.0025794506072998047
0,O9ZI7Z39T7,0.0011684894561767578
0,6U7U97E6OU,0.0012373924255371094
0,7EI9EUO9YE,0.00176239013671875
0,OE7UYETYOO,0.0013203620910644531
0,3ZOZ3ZUUEZ,0.001676321029663086
0,TI7EII6E3E,0.0011854171752929688
0,TEU7YEEI79,0.0017750263214111328
0,Z7U3OU6I6O,0.0012667179107666016
0,799YE9O397,0.0011811256408691406
0,77Y7U6OIYE,0.002827882766723633
0,7U9TI3TT3E,0.001191854476928711
0,Y9679Z7IYY,0.0012235641479492188
0,ZYEZ77Z3Z6,0.001190185546875
0,7IY7O6IT37,0.0020368099212646484
0,6U7T9YIYI3,0.001172780990600586
0,9II3EIZII7,0.0012326240539550781
0,UZU66OZO3E,0.0012066364288330078
0,U37YYZO76Z,0.0018515586853027344
0,9OEY99EIEZ,0.001264333724975586
0,37O7UO779I,0.0012979507446289062
0,U36ZU6I7UO,0.0027878284454345703
0,367IIOI3YZ,0.0012040138244628906
0,37E7E79YZZ,0.0013344287872314453
0,777O6763OI,0.0012373924255371094
0,9ZTYTYIEYE,0.0016772747039794922
0,IUTTUYZZEO,0.0011699199676513672
0,69UZUOZTU3,0.0017044544219970703
0,6EE9Z766OE,0.001230478286743164
0,TOOO33O3E7,0.0012607574462890625
0,3ZZTUTUEIZ,0.0013210773468017578
0,3T9TO69TI9,0.0035529136657714844
0,3ITTO7ITZI,0.0011525154113769531
0,6YO7OEU99O,0.0011739730834960938
0,TU3OTUZ9O7,0.001773834228515625
0,EZITYEOY6Z,0.001172780990600586
0,3696T6Y7OE,0.0017025470733642578
0,IY3ZII3Y9E,0.001222372055053711
0,EIEOIU7E76,0.0021507740020751953
0,OIUIT967YY,0.001171112060546875
0,7I39EUIIII,0.0016818046569824219
0,ZE7E363Z7O,0.001528024673461914
0,UOOYIY6I36,0.0014553070068359375
0,O9E9I966IE,0.0019266605377197266
0,7O6TEOE6E6,0.0012316703796386719
0,6E63I3TUT3,0.0011796951293945312
0,TO7ET767IO,0.0011661052703857422
0,7IOZZETE7U,0.00426936149597168
0,T7TZ7U976U,0.0019164085388183594
0,Y9UUI76OZ7,0.0016369819641113281
0,UYU76733Z9,0.0012202262878417969
0,O9E93OUZTZ,0.0012402534484863281
0,E7Y3IY9OEI,0.0011720657348632812
0,UOTU37TE77,0.0012378692626953125
0,UZE6ZTE9YI,0.0017580986022949219
0,OE96I6T6OI,0.0012738704681396484
0,96ZTZ7637Z,0.0016553401947021484
0,Y9U6UI7UI6,0.0011906623840332031
0,IZY3I6Y37U,0.0016679763793945312
0,OZUO6YIUUT,0.0016326904296875
0,I9767OTOE6,0.0018715858459472656
0,I9636OIOYZ,0.0012199878692626953
0,3TETUZ66YT,0.0011873245239257812
0,97UE9IO96Z,0.0017540454864501953
0,O9IEY3TT7E,0.001262664794921875
0,799ZUZEU6Z,0.0013380050659179688
0,39ZTOUE73I,0.002671480178833008
0,669OTZ6673,0.0012025833129882812
0,Y37TZ6IOZT,0.001210927963256836
0,U36OUYETOE,0.001745462417602539
0,9TY3ZY7IOT,0.0012125968933105469
0,37EOEOITE6,0.001734018325805664
0,ITUE33667U,0.0011942386627197266
0,EOYIT3EIZ9,0.0017192363739013672
0,6UY39ETEIU,0.0013191699981689453
0,96EYOYI7T6,0.0020182132720947266
0,3EZE63TITI,0.0012171268463134766
0,733I76EUT9,0.001310586929321289
0,UTT39IEZZY,0.0030035972595214844
0,ZIO63YZE6T,0.0011594295501708984
0,O3I9I37TE7,0.0018382072448730469
0,6EZ7936TE6,0.0012545585632324219
0,U96U7TZIT6,0.001239776611328125
0,U63IZIOUI7,0.0012788772583007812
0,UE93EI3Y6E,0.001268148422241211
0,E696I6ZOTU,0.0012137889862060547
0,E33UE6Y6ZU,0.0012249946594238281
0,7O39ETOTZT,0.0011553764343261719
0,73I7YET3ZI,0.0011608600616455078
0,376Z7U6UZ6,0.0012662410736083984
0,997ZZ7U7UI,0.0011947154998779297
0,UOZ77Y7663,0.002286195755004883
0,I36ZYZZ7EU,0.0012831687927246094
0,I9T9IO9ZU6,0.0011754035949707031
0,7II6E996OO,0.0013549327850341797
0,U737I63UYE,0.0012552738189697266
0,ZUETZ3ZT7I,0.0011858940124511719
0,79EI9OUOO6,0.0013844966888427734
0,YO9ZYO7II9,0.0036110877990722656
0,EITE67Y66T,0.0013241767883300781
0,3IE6TY9UTU,0.0012030601501464844
0,I7ZZO6YYI9,0.0013551712036132812
0,IOOT3ZYE6T,0.001161336898803711
0,UOETOIEU9O,0.0030107498168945312
0,6UE9ITZYZ6,0.0011858940124511719
0,U9OIT63U99,0.0012547969818115234
0,ET93O763I7,0.0013704299926757812
0,Z3OI3UYOZY,0.0012669563293457031
0,66O93Y7697,0.0013208389282226562
0,E7Z6O3TUY3,0.001322031021118164
0,T3I6OI3UUZ,0.001356363296508789
0,ZT9IU6Y7EO,0.001573801040649414
0,YIUE9EEIIY,0.0011794567108154297
0,YZ9U7796EI,0.0012350082397460938
0,UZT9YIZE73,0.0017108917236328125
0,I6O33U77Z3,0.0011913776397705078
0,I99OE3EZIT,0.0013706684112548828
0,9OOYY6I3I7,0.0017223358154296875
0,YE73Y77ZYE,0.0011725425720214844
0,ZYUO6O73E7,0.0013425350189208984
0,Z76TO9E333,0.0011594295501708984
0,Z3TIZTT3ET,0.0014600753784179688
0,3U7E66O7U7,0.002742290496826172
0,I7YO3OO9ET,0.0012319087982177734
0,I7ZI6Z9IO3,0.0011882781982421875
0,TZ6U77TUEU,0.0013949871063232422
0,9TEZTYTY73,0.0011587142944335938
0,ZO6TI6U937,0.001272439956665039
0,9YZZZT9I9E,0.0013546943664550781
0,TO3UI9YZTI,0.00173187255859375
0,OZUU7OZI9Y,0.0013475418090820312
0,6YO93IYTUI,0.0013015270233154297
0,TYYZ3EZOZ3,0.0012454986572265625
0,YI63YTOZU9,0.0014929771423339844
0,33ITYTYI93,0.0012617111206054688
0,E6EE73OUOI,0.001154184341430664
0,6ITIEZEZ37,0.001314401626586914
0,7I9EZE39E3,0.0021436214447021484
0,TY63YO7OEU,0.0017135143280029297
0,TU7TYOO3Y9,0.0012047290802001953
0,YTY7UETU3I,0.001672983169555664
0,3O9UITIOEE,0.0018017292022705078
0,Y7TUY3YO69,0.001960277557373047
0,U7U36ZZI9T,0.001699209213256836
0,9OZU6T3I3O,0.0012392997741699219
0,Z6UEUU9TOZ,0.0013573169708251953
0,966YZ9YZ7I,0.0011897087097167969
0,UT3EETU96T,0.0012230873107910156
0,O3OO7O999Y,0.0011827945709228516
0,EI9UOOYU73,0.001697540283203125
0,9ZE76YOUE6,0.0012350082397460938
0,E39T9Y77Z6,0.0011811256408691406
0,EY9UYEOYE9,0.0011844635009765625
0,6TEZZEIUZ6,0.0012736320495605469
0,EYE7U6O9ZU,0.0012350082397460938
0,T3ZZUIZ3YI,0.0011782646179199219
0,966YTIU9OY,0.0012276172637939453
0,E776YOU39E,0.0011792182922363281
0,T7UTE3T779,0.0012371540069580078
0,3933ZZYT9Y,0.002857685089111328
0,736969396Z,0.0018401145935058594
0,ZO993OUOTY,0.0016567707061767578
0,T9EE3EZEI7,0.0012416839599609375
0,EZ6EU9E3Z7,0.0014190673828125
0,9E7O9TZI7E,0.00124359130859375
0,TT77ZZ6TZO,0.001157999038696289
0,OY9OY69Z7U,0.0018656253814697266
0,9EO7T6TYIZ,0.0015673637390136719
0,9UZ39Y3U3Z,0.0012028217315673828
0,ZOUOOI3IIY,0.0011980533599853516
0,979OEET76E,0.0012083053588867188
0,TZ3ZET96O6,0.0011870861053466797
0,ZEZIIY9ZYI,0.0012526512145996094
0,OZZ73TEEOZ,0.0011868476867675781
0,ET3Y6YZZ66,0.001196146011352539
0,Z7TE7Y63U9,0.0012395381927490234
0,3IOITY37YZ,0.0012359619140625
0,39ZOIT37OZ,0.0034711360931396484
0,ETUTUU7YUY,0.0027244091033935547
0,TYUZO9T693,0.0016100406646728516
0,996E9Y9EY9,0.001224517822265625
0,T97TE6U37O,0.001359701156616211
0,7IOZI3ZYY3,0.0012814998626708984
0,66TY7YZ3TT,0.0012295246124267578
0,I99O6YIUI7,0.0011875629425048828
0,YO6OU97ZTT,0.001287698745727539
0,OZIUO6639T,0.0011696815490722656
0,EZZ93YTE7Y,0.001199960708618164
0,3T9YIYOYUY,0.0032172203063964844
0,7OZOOUYT7U,0.0011851787567138672
0,OOTZYE9EI7,0.0011875629425048828
0,OOEZTO9ZEO,0.0012328624725341797
0,76EI3OYOU3,0.0012123584747314453
0,3I6O3TYE9E,0.0011882781982421875
0,7YE96I96OI,0.0011720657348632812
0,YT9IUEYT76,0.0012552738189697266
0,UTTOYYO3EI,0.0013227462768554688
0,6II9UEYU99,0.0016794204711914062
0,UZ33TITT6E,0.001272439956665039
0,UZYO6Z37IT,0.001695394515991211
0,633UT6Y93U,0.0012888908386230469
0,6I9YOT93Y6,0.0017974376678466797
0,TITYUIU399,0.0012352466583251953
0,9UEYYUE337,0.0016503334045410156
0,YYU39YIEEI,0.0011785030364990234
0,ZZ6E3T7OYZ,0.0016632080078125
0,EYOZTOTEU6,0.002832174301147461
0,U7IT67I733,0.0011951923370361328
0,97E3YEO9ZO,0.001184701919555664
0,3O66Y3336T,0.001302480697631836
0,6EIUIYUU9O,0.001178741455078125
0,I3E9ZZYYT3,0.0012054443359375
0,ZU36OY6993,0.001201629638671875
0,7EEZUYEITZ,0.0012977123260498047
0,U3TTUO6UEE,0.0012311935424804688
0,9EUZU63Y67,0.0027582645416259766
0,E37Y937TIY,0.001255035400390625
0,EYEUY37679,0.0013947486877441406
0,UYOIYUU9O7,0.0012316703796386719
0,I736I69Y3T,0.0011742115020751953
0,II7IEEUUEZ,0.0012259483337402344
0,T99T37U3YZ,0.0012853145599365234
0,TZ99UOT7TY,0.0011665821075439453
0,96Y9969339,0.002410888671875
0,6UE97OYE7O,0.0011861324310302734
0,EU7UTUIOEZ,0.0012431144714355469
0,39OT7UU7UY,0.0012249946594238281
0,T7U7OYYZII,0.0012195110321044922
0,7IYU79EIET,0.0011827945709228516
0,Z9T3OO3YT7,0.0011487007141113281
0,YO3T796U6U,0.0011703968048095703
0,EZZEIZYIU6,0.0016155242919921875
0,YU3ZYEU6UU,0.0011889934539794922
0,6EZYZUOU6Z,0.001310110092163086
0,3T9I69EEU9,0.002677440643310547
0,IZ676TI3OI,0.0012278556823730469
0,O3EIOU7U3U,0.002774953842163086
0,T3I9E96O7E,0.0012934207916259766
0,O777O6YEYT,0.0015387535095214844
0,9YZUE9E6I9,0.0011670589447021484
0,EU66ZOET9Z,0.001249074935913086
0,7936IT6YT7,0.0011906623840332031
0,9Y97ZZUUTY,0.0013015270233154297
0,IET99EOZ93,0.0016887187957763672
0,TYO3367UUZ,0.001325368881225586
0,7666767366,0.0017292499542236328
0,OOEZOEYU9U,0.0012183189392089844
0,T6OUOO96U7,0.0016684532165527344
0,9TIOT667I6,0.0013151168823242188
0,Z3OUZYEZE6,0.0012371540069580078
0,Z6TO77TI3U,0.0012466907501220703
0,UOOI7Z6OO7,0.0011947154998779297
0,I9E9ZEI67U,0.001171112060546875
0,73Z9TU6UY9,0.0011615753173828125
0,YU6U3IOY63,0.0012161731719970703
0,736EI9IUTE,0.0013322830200195312
0,UEY6Y3TYUE,0.0011653900146484375
0,ZTEIZ33TY7,0.0012612342834472656
0,Z7Z3TE7TYU,0.0011434555053710938
0,I3TO6U76YZ,0.0011868476867675781
0,OEZZ73T3OU,0.0011844635009765625
0,YU937O76OE,0.0012745857238769531
0,93EE7ZZZO7,0.0012805461883544922
0,UY7ITOOUZZ,0.0016481876373291016
0,U6YT3IZ7TE,0.0012214183807373047
0,UT7OZO6UIY,0.0018091201782226562
0,9ZE7939E6Z,0.0013201236724853516
0,EY7ZUTO6UI,0.001184225082397461
0,6Y6IUEITY7,0.0014719963073730469
0,E6ZEUIOYT3,0.0011749267578125
0,U33IE66I9I,0.0012025833129882812
0,IOTUT79TY6,0.0032858848571777344
0,ZIO9Y663TO,0.0011713504791259766
0,6Z6OE96YOT,0.00160980224609375
0,EI9E69739T,0.0012655258178710938
0,9EUEY7T737,0.0012249946594238281
0,Z7Y97IZTE9,0.0012350082397460938
0,IU93ZT6ZU7,0.0012531280517578125
0,OU6UTY6O9Z,0.001302957534790039
0,EUYTYOIYIT,0.0012881755828857422
0,7EZO6T7O3Y,0.001210927963256836
0,7IY7O3UITI,0.0016739368438720703
0,UI6EU9Z76U,0.0012009143829345703
0,6T3O6OOOZT,0.0013277530670166016
0,96OEYOI9UO,0.0011951923370361328
0,YET3Y6OTZE,0.001705169677734375
0,YUTYY3E969,0.0011699199676513672
0,UY9U6T9Y6E,0.001207113265991211
0,936YEI337T,0.0011780261993408203
0,I939ZZOUY9,0.0025398731231689453
0,7II366Z7OI,0.001607656478881836
0,EZIZ9YUEYU,0.0016779899597167969
0,7I3TT7Z3IZ,0.0012896060943603516
0,93YU6UUZYU,0.0013871192932128906
0,U9U67I3U9Z,0.0012199878692626953
0,IE67ZTEUUU,0.0011742115020751953
0,E3EZ7EOEUU,0.0012004375457763672
0,I3ZOO3O76T,0.0012142658233642578
0,79IYEEEIEE,0.0012094974517822266
0,UU9ZZU7OIY,0.0016663074493408203
0,6UUIITYIII,0.0011861324310302734
0,997T7UZI3Z,0.0012450218200683594
0,OY7Y76Y9Y9,0.001237630844116211
0,9UEE9OOO6E,0.0012187957763671875
0,3YZ66ZU9UI,0.0012254714965820312
0,9YO7YE7IT9,0.0011320114135742188
0,6O367TU79U,0.001178741455078125
0,YEY7YIYTT9,0.0011866092681884766
0,IT77ZIZOTE,0.003010988235473633
0,7I9EUU6OEZ,0.0017359256744384766
0,9Z66ZU9EU3,0.0012364387512207031
0,EU66I9IEOU,0.0012137889862060547
0,933TTET6Y6,0.0011930465698242188
0,O9T6UYOU96,0.002212047576904297
0,63UO77UOZY,0.002254486083984375
0,ZITTIU7O39,0.001214742660522461
0,TETZ663IZ9,0.0011854171752929688
0,O737T79E3O,0.001238107681274414
0,OT9OE3TZE7,0.0012104511260986328
0,3UIUO6I666,0.0011744499206542969
0,3773UYE6UU,0.0011875629425048828
0,Z999ZIYIT7,0.0011878013610839844
0,393UEEOZIE,0.0011715888977050781
0,UUYUO6E9O6,0.0016508102416992188
0,T36Y79TOYI,0.0011661052703857422
0,I6ZI9U3667,0.0014815330505371094
0,6O769ZI3OY,0.0011363029479980469
0,3UIUEY33OT,0.0017049312591552734
0,333OY76EUO,0.0012946128845214844
0,YI77EUZTUE,0.0012869834899902344
0,EY996ETEOU,0.0016112327575683594
0,OE9ZEZYE97,0.001163482666015625
0,I963TI6Z6U,0.0017001628875732422
0,Z6IU3ZZIEY,0.0016605854034423828
0,EEOOE7O36Y,0.0012090206146240234
0,E37E3E3ZEY,0.0013158321380615234
0,E66O6TEYUY,0.0011687278747558594
0,366699T69O,0.0012683868408203125
0,EUUO6UOTE6,0.001642465591430664
0,ZZ6I366IEI,0.0011696815490722656
0,O3YYYU36OE,0.0012726783752441406
0,Y9YTTT3UE3,0.0012226104736328125
0,6I99TYIYZZ,0.0011830329895019531
0,OYOZ6EEOUU,0.0012493133544921875
0,IEEZ7E36TU,0.0011701583862304688
0,7776U937ZU,0.002786397933959961
0,O73ZY7366T,0.0016324520111083984
0,9TOUY3UYZ3,0.0012748241424560547
0,ZU7UT9T6E9,0.0016863346099853516
0,I69I9ZYI6E,0.0011761188507080078
0,36E3I7639O,0.0012235641479492188
0,O69TO693OT,0.0014293193817138672
0,TUYUZIZ6IO,0.0012924671173095703
0,3TIIO639Y3,0.0013120174407958984
0,6OEZZEEZTY,0.001211404800415039
0,U3Z3Y7E936,0.0011649131774902344
0,E7TU699TZ9,0.0012631416320800781
0,TOTYZYY6IU,0.0013766288757324219
0,O66EU9OUTU,0.0012328624725341797
0,UU9T6ZEU7O,0.0012946128845214844
0,7TZ3979O66,0.0011801719665527344
0,T99O9EI73Z,0.0012440681457519531
0,9O3EZUUU3U,0.001215219497680664
0,U9OZEY3TI7,0.0012097358703613281
0,7U37YIOETT,0.002872467041015625
0,76TOZ6T99O,0.0011582374572753906
0,Y7U9O7EYT6,0.0012998580932617188
0,6TZ3ZIE36Z,0.0015332698822021484
0,EYTTYO3EOI,0.0012607574462890625
0,7IUO3EE63T,0.0011897087097167969
0,ZT3IETIOET,0.0016200542449951172
0,I393EEOU76,0.002038240432739258
0,79T6EZ6T63,0.0019457340240478516
0,UOI73T9I3T,0.0016665458679199219
0,7ITI9OOIU6,0.0012428760528564453
0,T93I367ZUY,0.0012531280517578125
0,9Y6U9IZ3E3,0.0016515254974365234
0,9IT3IOEY66,0.0012140274047851562
0,9IZUOU6ZTT,0.0013065338134765625
0,U7I799TYEE,0.0011491775512695312
0,I9IYTYI7Y6,0.0012018680572509766
0,O9U97UYET7,0.0012433528900146484
0,T3Z99TZ377,0.0016269683837890625
0,TUZE9ZZT97,0.00164794921875
0,UYEEYEZEZ7,0.0017216205596923828
0,OE776ZITI3,0.0012793540954589844
0,TZ99EY63ZI,0.0012369155883789062
0,6YY63ETZIU,0.0011899471282958984
0,U9UZ7IIEE3,0.0012061595916748047
0,YTYZE76936,0.00118255615234375
0,IYOIEII3EY,0.0012197494506835938
0,3YUTUZ6O99,0.001329660415649414
0,6I779OZZYZ,0.001203775405883789
0,ZO97U9UY3Y,0.0012912750244140625
0,TOZU9EZY3I,0.0012323856353759766
0,9U9Y3UZZU6,0.001188516616821289
0,YT37TTY69T,0.0011599063873291016
0,TTU936OZYO,0.0012469291687011719
0,6Y3YY7TEO6,0.0019495487213134766
0,I3U6YITZYT,0.0012555122375488281
0,6IOZT3IU6E,0.001196146011352539
0,397UUZ7EI9,0.002882242202758789
0,3OEIUZ9EYO,0.0012788772583007812
0,99EIUEZ9UI,0.001177072525024414
0,IUT9U7Y3IE,0.0012755393981933594
0,676ZIU3E3I,0.0016884803771972656
0,ETUO9YEOY9,0.0012850761413574219
0,Y6TYUI7669,0.0011889934539794922
0,UYO3U3Z3Z6,0.001241445541381836
0,E97E6637EU,0.001306772232055664
0,UOTZZUUO7O,0.0012252330780029297
0,IYE36YI9UT,0.0011899471282958984
0,3YEUU7ZTY7,0.001180410385131836
0,O37OT76ZO7,0.0011739730834960938
0,3UTY39UO7T,0.0011529922485351562
0,3Y677II6ZE,0.002370119094848633
0,6IZI9YZI39,0.0012385845184326172
0,36OE6IT6OE,0.0011601448059082031
0,7EZI6YO6I3,0.0011534690856933594
0,9T3E96TE6U,0.0011606216430664062
0,79T36TO336,0.0028235912322998047
0,IZ93Z7I76Z,0.0012345314025878906
0,3Z6EE37OUI,0.0011875629425048828
0,769O7TI7T7,0.0012776851654052734
0,OIEOU3OU73,0.0011734962463378906
0,ZE96I96697,0.0011610984802246094
0,ZIUTO9TU97,0.0011539459228515625
0,9EOOI96OIO,0.0011756420135498047
0,YO6UZO6E3O,0.0012423992156982422
0,UI7EO6ZEOY,0.0012052059173583984
0,EOZET3TO9I,0.001300811767578125
0,UYTOTTIUU6,0.0012233257293701172
0,Z397OI3TIU,0.0012066364288330078
0,T6EIZI9T7I,0.0018715858459472656
0,T7Y37O7YTU,0.0011487007141113281
0,3OTEZ36YOO,0.0011830329895019531
0,66U9EEYOEY,0.0011723041534423828
0,T6IYEU69T6,0.0012080669403076172
0,9UTY76UUYO,0.00128936767578125
0,39ZT96EYI7,0.0011818408966064453
0,ZT6TTZ793I,0.001184225082397461
0,3UEUUOZII3,0.0011835098266601562
0,U7679OU639,0.0012383460998535156
0,3O397Z6T3T,0.001199483871459961
0,T6T9O7699Z,0.001165151596069336
0,Y6ZU6ZO6T6,0.001184701919555664
0,677TT977OT,0.0011868476867675781
0,936YYUO6UT,0.0011789798736572266
0,UY93ZIUT9Y,0.002495288848876953
0,EUT6IUZE3U,0.0011949539184570312
0,Y3YITZTTIU,0.002577543258666992
0,3OT7OIO6IT,0.0011563301086425781
0,YOI6769T96,0.0011858940124511719
0,E966OE9UI9,0.0013365745544433594
0,7O93IU6U67,0.0012023448944091797
0,EIEYUTZO67,0.001222848892211914
0,99U3TTYZ97,0.001220703125
0,O6UTOZ67Z6,0.0029153823852539062
0,6OZY93O9TO,0.0012042522430419922
0,6ZUO3373O7,0.0012307167053222656
0,E9U6E99UEO,0.0018768310546875
0,IOY6UYI9EI,0.0012271404266357422
0,7T7ETOTY67,0.0017192363739013672
0,OI336TI67I,0.0016696453094482422
0,6Z67ZU97E7,0.0011909008026123047
0,OIUZYOY9O9,0.0017757415771484375
0,U99YO77YTT,0.0012462139129638672
0,U7UEZE7YI6,0.001219034194946289
0,3OYI3ZI6O7,0.0011894702911376953
0,6EZZZUYIET,0.0011973381042480469
0,YU66Z697Y9,0.0012714862823486328
0,6O76ZIUO7Y,0.001177072525024414
0,6T9OIETYYU,0.0017871856689453125
0,UTEEYZTYOY,0.0013327598571777344
0,EU7363UE3Y,0.0017960071563720703
0,7Z9ZO9IU97,0.0012316703796386719
0,Y6YYI97EZI,0.002789735794067383
0,UU776Y9OZ7,0.0012540817260742188
0,Y339TTZZOI,0.0011889934539794922
0,6U3O7T7ZE7,0.0013828277587890625
0,Y97ETTETIY,0.0011692047119140625
0,OTI7ZZ6IT9,0.001249074935913086
0,U9Y6TY9IYZ,0.0011796951293945312
0,IYEOI3U3Y7,0.0012085437774658203
0,37OO6ZYZ93,0.0020902156829833984
0,UE6OITZ69U,0.0011835098266601562
0,7O999TIEUZ,0.0013599395751953125
0,IZI7IIUT66,0.0013360977172851562
0,Z9YY7733T6,0.001491546630859375
0,7Y6Z779OT6,0.001149892807006836
0,936E7I69I3,0.0013396739959716797
0,97UEYYT6IO,0.0012671947479248047
0,Z6OT676OZ6,0.0013661384582519531
0,ZEZ3IZOYOE,0.0012967586517333984
0,99I7UU9O7O,0.0012001991271972656
0,YTT3UITZ6U,0.0011551380157470703
0,YUYUOZEYU9,0.0012421607971191406
0,E9IZEIEZ6Z,0.0011789798736572266
0,IUZOZZ3E7E,0.0011518001556396484
0,77YIYZ37TI,0.002007007598876953
0,7OZ6ZI9OIY,0.0013003349304199219
0,Z3U79T6I77,0.0012063980102539062
0,EOO7UOEO9Y,0.00130462646484375
0,7UT9ZT799Y,0.00118255615234375
0,O9E667Y36I,0.0011627674102783203
0,766Y66UUZZ,0.0013816356658935547
0,9T7T7O39E9,0.0012004375457763672
0,9IEE9EZU6E,0.0013661384582519531
0,Y3T979UYTI,0.0024666786193847656
0,9ZTO9IZ3I7,0.0011668205261230469
0,Y9OI69O3UT,0.002129077911376953
0,69YEZZ7ZU7,0.001194000244140625
0,667UZT6YIZ,0.0011696815490722656
0,EETEZ379TY,0.003391742706298828
0,7OIIE3E93Z,0.0012097358703613281
0,TZYTOO9U3Y,0.0011861324310302734
0,YU69OO6Y97,0.001287221908569336
0,TTOZ976TOU,0.0012509822845458984
0,EYEOZ39U6U,0.001163482666015625
0,OIE6973E7Z,0.0012288093566894531
0,96IUT3YO9I,0.0011680126190185547
0,UEOOY67U3O,0.0012524127960205078
0,UZUEEUYIYT,0.0012395381927490234
0,7EIIEZTTT3,0.0011696815490722656
0,TYY9YYZTOO,0.001277923583984375
0,6EZT7T7I9O,0.0011706352233886719
0,3EUT767UT7,0.0013339519500732422
0,9E36EZTY66,0.0012116432189941406
0,7EE9O6TTEU,0.0011568069458007812
0,U66T6ZUEO3,0.0012240409851074219
0,OYI6TYE79Y,0.0011858940124511719
0,ZE3EZY993Z,0.0012230873107910156
0,79OEIO7EO9,0.006154060363769531
0,6Y9E3O67TO,0.0011823177337646484
0,Y63IY77ZZ7,0.0012412071228027344
0,ITIYIEUE96,0.0011768341064453125
0,9UOTIZTO3Y,0.0011677742004394531
0,3U3YIUITIZ,0.0012598037719726562
0,696I3T69T7,0.0012853145599365234
0,OOY337TOO7,0.0011985301971435547
0,U39EU6TYZI,0.001251220703125
0,Z9O7U3O3EO,0.0012400150299072266
0,7Z73Z39E69,0.001913309097290039
0,79TOYI6UZ3,0.0023834705352783203
0,6E7T6ZE39T,0.001222848892211914
0,OTZTTEUOUY,0.0012271404266357422
0,77T7O9T763,0.002749204635620117
0,OOIU7Z7IYO,0.0012316703796386719
0,EZUTO7Z7IE,0.0011856555938720703
0,TOO3TT6TZ3,0.001226663589477539
0,YZETUUT9YO,0.001153707504272461
0,ZE6ZYE337Y,0.0011744499206542969
0,6EO637EE3I,0.003643035888671875
0,TY993IO6UO,0.003493785858154297
0,U76Y3TTOZ3,0.0012345314025878906
0,3Z6Z9TYOI9,0.0013461112976074219
0,UZ3U3TEU3Z,0.0012748241424560547
0,OYZTIO7I9I,0.0016684532165527344
0,777YTE9TIE,0.0012791156768798828
0,UUUTOO9YOO,0.0012676715850830078
0,EU63YY7Y7E,0.0013828277587890625
0,I63YEY9OEI,0.0011644363403320312
0,6Y3E3IUIEI,0.0011608600616455078
0,7UTIUTIT6U,0.0013375282287597656
0,Y6ZZ697YUU,0.0012316703796386719
0,UE6ZY9T7ZY,0.0011546611785888672
0,U7TOIYZZ9O,0.0012698173522949219
0,6E3T9I9YZ7,0.0011930465698242188
0,36E67ITY6Z,0.0012850761413574219
0,6IT7YY3OZY,0.003244638442993164
0,T7EOEOUO76,0.0011928081512451172
0,97776OE73Z,0.0012433528900146484
0,7I3OUITIY7,0.0011751651763916016
0,6I3OTZ3YT6,0.0011906623840332031
0,EZUETE69E6,0.0011997222900390625
0,7U97ET9YO6,0.0012896060943603516
0,7YZT396Y7E,0.0012307167053222656
0,O7YY6OOUZT,0.0011622905731201172
0,Y9EO3YZ66O,0.0012359619140625
0,TYU6YZ9OOT,0.001245260238647461
0,ZZ7OOYZTOE,0.0016443729400634766
0,6EE9O7U36O,0.001806020736694336
0,9UOIZE7T69,0.0012073516845703125
0,OE6Y9ITUZ6,0.00119781494140625
0,I3UEOUZUTT,0.0011599063873291016
0,YOTOOZI3OZ,0.00118255615234375
0,3O6TEU3E9T,0.0011897087097167969
0,39YYU7YY7Y,0.001661539077758789
0,7EZ9YEEI9I,0.003084421157836914
0,IY33UUYTZE,0.0011780261993408203
0,9YO697I7TE,0.0011730194091796875
0,T9T9Z9UYZ3,0.0013659000396728516
0,EZIY67E37O,0.0011658668518066406
0,UZE3E9T7O3,0.0011935234069824219
0,9UO3E3Y99E,0.0011713504791259766
0,I6OOE6U373,0.001180887222290039
0,IZI67T77IT,0.0012164115905761719
0,Z9II7T3UI6,0.0012645721435546875
0,7OIZE7UYZO,0.0011813640594482422
0,U66YOUZIOZ,0.0012216567993164062
0,T6I6OZIOOT,0.0011470317840576172
0,UOIY7YT97E,0.0012462139129638672
0,93T9Z6IIYE,0.001222848892211914
0,T3IYEEUYZ7,0.0016913414001464844
0,E6E79ZOIIE,0.0012431144714355469
0,E6OT6EEO33,0.0012180805206298828
0,IZ97Z3O7UZ,0.0012104511260986328
0,IT33OUTZOT,0.0012862682342529297
0,ZIYT7UY369,0.001180887222290039
0,Z7I699T7Y7,0.0012617111206054688
0,YTZ7OUYZY3,0.0012226104736328125
0,TT3IYZOUT6,0.0012471675872802734
0,UZIY6Y9ZUT,0.00121307373046875
0,33Z3939Y3T,0.0024094581604003906
0,T99TOZEE79,0.0011811256408691406
0,OTEI6IIYEY,0.001276254653930664
0,ZT9OI7UUZY,0.001249074935913086
0,YE3E9E6UYY,0.0012383460998535156
0,Z7Y777969T,0.0019407272338867188
0,79ZT76YITU,0.0012507438659667969
0,EZ7OOUUUZ6,0.0011668205261230469
0,3IO3O73TZO,0.001310110092163086
0,EZUYZO9YIZ,0.0011639595031738281
0,IT97U9OI7Z,0.001238107681274414
0,ZZIUTUEOY7,0.001194000244140625
0,Z3IZIIYYIT,0.003004312515258789
0,9IYTUIET67,0.0011649131774902344
0,UZZ97T3T36,0.0011839866638183594
0,99I9OOT6OO,0.0011892318725585938
0,OIZEOOO9T6,0.0012149810791015625
0,ET3Y9YI7ZT,0.0011713504791259766
0,I3YIE767O7,0.0011913776397705078
0,IUUET9Y7UT,0.0012066364288330078
0,OTIIO9Y333,0.0012519359588623047
0,3Y7T9Z6UUT,0.0011878013610839844
0,OU97YIEEZT,0.001992464065551758
0,39YY79I996,0.0012459754943847656
0,UZYTZU6OU7,0.0012154579162597656
0,U37EOET3E7,0.0013670921325683594
0,EI3TTYT7TZ,0.0013408660888671875
0,I3OI37U96Z,0.0011947154998779297
0,T96OOTY63U,0.001312255859375
0,6Y3U6ZUZE3,0.002732992172241211
0,7UTYIUY9U3,0.0026013851165771484
0,OEYUT6I97E,0.0030732154846191406
0,IIEIOYYIU6,0.001241445541381836
0,TOTZYTEE7U,0.0012471675872802734
0,36ZEYI97YE,0.0012154579162597656
0,Y7I93Z7OI7,0.0012524127960205078
0,YZ3TIEO73U,0.0012090206146240234
0,76T63O76EU,0.0011820793151855469
0,OZ79666E3I,0.0012559890747070312
0,O3UYITIIU9,0.0012359619140625
0,TT76Y3EZ7U,0.0012569427490234375
0,9U7Y66TU36,0.002268075942993164
0,OEUTZIYI96,0.001478433609008789
0,ZT67E973U6,0.001211404800415039
0,676Z3Y9UT3,0.0024051666259765625
0,99IZ697TUZ,0.0012264251708984375
0,OZTIUT6YUU,0.0016732215881347656
0,I93UO3YZUE,0.0012183189392089844
0,ZYTYY9Z967,0.0017163753509521484
0,YI6U676YEI,0.0011856555938720703
0,3YI3T6O79I,0.0016679763793945312
0,EI9UO776ZI,0.0011861324310302734
0,79T7UE3ZYI,0.0011622905731201172
0,IIO9YZ76EU,0.0012316703796386719
0,6IET9OO6I3,0.001222372055053711
0,IT77I3IEZZ,0.0012104511260986328
0,3996OIOO7Z,0.0011682510375976562
0,EUIUOOTI9Y,0.00124359130859375
0,3T9EU66IUT,0.0011658668518066406
0,YI69TOYEEI,0.001146078109741211
0,9TOZ9YZ67O,0.0011849403381347656
0,U76UUTTYY7,0.0011951923370361328
0,6T377O67U9,0.0011827945709228516
0,6O7TYY7T6U,0.0011622905731201172
0,T7IT7679ZU,0.0011610984802246094
0,3E3Y6TO9TZ,0.0012497901916503906
0,6369T6OZTU,0.0011756420135498047
0,YOZTT6U9O3,0.0011858940124511719
0,7T733EIT6O,0.003077268600463867
0,YE3ZTY6OZ6,0.0011723041534423828
0,733E6IUOUE,0.0011878013610839844
0,73Y7Y3O6E7,0.0013339519500732422
0,U3EOOZ3EUU,0.0012009143829345703
0,I37796E9U9,0.00125885009765625
0,O3TEEZI3OY,0.0011851787567138672
0,U9IUTY9Z9T,0.001249551773071289
0,T66YZU976T,0.0015308856964111328
0,6T3YIEEU37,0.0011963844299316406
0,YTEEY39937,0.0012466907501220703
0,T3UT9I7EU7,0.0011653900146484375
0,ZZT963ZOZI,0.0012640953063964844
0,ZO766E6Y99,0.0016946792602539062
0,OUYYI9Z9UY,0.0011892318725585938
0,U673YEYOIY,0.0012080669403076172
0,Z79Y9UO9ZI,0.00152587890625
0,7YI7TO3IIE,0.0012934207916259766
0,YE6T3TY7O9,0.0011868476867675781
0,3OIZ996E9U,0.0027990341186523438
0,Z9T663U6TI,0.0012478828430175781
0,EIEIIEZU9I,0.0012154579162597656
0,7Y69ETT3IO,0.0018672943115234375
0,77YYO6UZEO,0.0012061595916748047
0,EOYTUE96U3,0.0017502307891845703
0,U6YO666IO7,0.001222848892211914
0,9YU7ZTYZ3Y,0.0013594627380371094
0,3IYT7YIZ6O,0.0012867450714111328
0,U3T33EOY7I,0.0011551380157470703
0,OYOIYUEU6O,0.0011639595031738281
0,ZEZIUU9OTE,0.0013089179992675781
0,TZ69OUI6I9,0.0012316703796386719
0,97OY3OT9O7,0.0012047290802001953
0,77T3TI93OZ,0.001291513442993164
0,TZUY7O9EE9,0.001173257827758789
0,EIO3YY9Z97,0.001255035400390625
0,7EEOTUZ36I,0.0012636184692382812
0,99IOU9U667,0.0012009143829345703
0,9O73YYUOOT,0.001157999038696289
0,TEU7TET66Z,0.022456884384155273
0,ZOT3T33UT3,0.0011668205261230469
0,36OIUO3IE6,0.0012824535369873047
0,I9OY7OTEE3,0.0011916160583496094
0,IO636O9TTE,0.0012085437774658203
0,I9ZITE7UIU,0.0011868476867675781
0,7ZITIZ3739,0.001241445541381836
0,O3Z3Y3Z67E,0.001257181167602539
0,YOZE3O6YEE,0.0012638568878173828
0,IE3TTZU766,0.0012400150299072266
0,TI9Y6Z637Y,0.001252889633178711
0,6667ZU99UI,0.0012009143829345703
0,YO3II66EI9,0.0011670589447021484
0,TU6U696U7O,0.0011897087097167969
0,U6IE9OTOTU,0.0017080307006835938
0,9OT73OOZE9,0.0012485980987548828
0,TTIZTOIT7Z,0.0011897087097167969
0,7IZ9EY39YT,0.0012943744659423828
0,O7EY6UT7OI,0.0012307167053222656
0,3TE97UZ93U,0.0012011528015136719
0,9EIZOIT3ZO,0.0011887550354003906
0,OZ6976IYET,0.0017621517181396484
0,OETZ39O3Y9,0.0012202262878417969
0,O7ZOII7ZZ3,0.0012066364288330078
0,I6ZIZOI9TE,0.0012340545654296875
0,TTZ3336IOZ,0.001710653305053711
0,O3UIIII7ET,0.0011646747589111328
0,U6TZU3ZO77,0.0012311935424804688
0,I7UZ36UIZT,0.001953601837158203
0,UEY73O739Y,0.0012328624725341797
0,IZT67EUEI6,0.0012035369873046875
0,3UYUI9YYE7,0.001188516616821289
0,O3UETT3U7O,0.0012049674987792969
0,Z6ZTY97UIE,0.0012576580047607422
0,9ITOIET9T9,0.0012347698211669922
0,6U63I7IT96,0.0027780532836914062
0,U99O366YZ9,0.0011820793151855469
0,6TE93E6UIY,0.0012445449829101562
0,EEU7OZU6EY,0.002338886260986328
0,YZT9UZY3IU,0.0011997222900390625
0,YUIYUUO7ZZ,0.0019116401672363281
0,OTUEE7UZUT,0.0012729167938232422
0,6YOYTUITTU,0.0012171268463134766
0,6OTOYOO76U,0.0012557506561279297
0,7ZYY6OZE9U,0.0012788772583007812
0,ET3OYETZUI,0.0013358592987060547
0,3YT79YTOYU,0.0011563301086425781
0,3ZEEI79IOZ,0.0012400150299072266
0,7OYIYIUTOO,0.0011680126190185547
0,T3ZTEZO9UE,0.0011913776397705078
0,E6U77ZY3II,0.0016980171203613281
0,Z9ZY9U6Y79,0.0016303062438964844
0,7ZTTU6T366,0.0016617774963378906
0,EEE6ZZE367,0.0011453628540039062
0,UTZ3EEEU77,0.0028188228607177734
0,96TZZ67O3O,0.0011963844299316406
0,YO797YO6T6,0.0017256736755371094
0,UEI7ZEZ769,0.001970529556274414
0,Z9Z736I7IZ,0.0011851787567138672
0,7IUY6ETTTZ,0.0017485618591308594
0,U7T9I397ZU,0.0011820793151855469
0,Z7OUYTZ736,0.0013005733489990234
0,ETTYUIU9TU,0.00130462646484375
0,UT6EUUI336,0.0011909008026123047
0,E6T93OETE9,0.0012552738189697266
0,T97OTEZYE9,0.0013244152069091797
0,3I773UUZYO,0.0012848377227783203
0,ITZ39EZ7YZ,0.0012929439544677734
0,Y3T3936OO9,0.00128173828125
0,TTO76I739O,0.0036308765411376953
0,Z97Y7I6E7Z,0.0013837814331054688
0,33OEUTUU6Z,0.0013723373413085938
0,I9E36TZYZ6,0.0012400150299072266
0,O3E3TO73T7,0.0015821456909179688
0,9I3YTIOT39,0.0011909008026123047
0,3O7E337O9E,0.0011951923370361328
0,Z6YU9UYE9E,0.0016093254089355469
0,Z7OZ3ZO9Z7,0.0012547969818115234
0,IO6I6Y7UOT,0.0011758804321289062
0,TOUUEZZIU3,0.0012650489807128906
0,366I9777UO,0.0019283294677734375
0,T96EZ7T36I,0.0016734600067138672
0,6OY3Y7YTYT,0.00135040283203125
0,7IO9IY993Y,0.0011556148529052734
0,YEEEUIT3I3,0.0013110637664794922
0,7E7ETZI76E,0.0017163753509521484
0,69Z6YI7U33,0.0017771720886230469
0,TEY37UUU77,0.0012784004211425781
0,IEIOOE3O3Y,0.0013768672943115234
0,7Z63UT9YUZ,0.0011582374572753906
0,IOIZTO377I,0.0012776851654052734
0,OZ9T9YOTZ9,0.0028307437896728516
0,YU6O33ITIT,0.0016460418701171875
0,9IEUTYU3EY,0.0012707710266113281
0,UO3YI7TU3O,0.001154184341430664
0,3IIEZYU73Z,0.0012645721435546875
0,39OIEYYI6T,0.0012860298156738281
0,3IZ9YZZ9EE,0.0019655227661132812
0,E9T373OU7E,0.0012323856353759766
0,OI9I63UY3I,0.0012950897216796875
0,UOE3T3E6EU,0.0012600421905517578
0,TEI3EE7ZUU,0.0012128353118896484
0,YI9TU3ZZ3I,0.0012469291687011719
0,O3Y36E97UE,0.0012385845184326172
0,3YO7OUOTIU,0.0012271404266357422
0,Y6ITYIEEUZ,0.0013203620910644531
0,T6373IEUII,0.0011887550354003906
0,7II736Z7O3,0.0019931793212890625
0,TOE9Y3YYI3,0.0012445449829101562
0,O77966Y9YY,0.001195669174194336
0,9EZYI97U6I,0.0034236907958984375
0,O639IIYO6E,0.001268148422241211
0,936IYTI6TU,0.0011751651763916016
0,379T9ITTE6,0.0012869834899902344
0,3773OUTZUU,0.0012903213500976562
0,99736OTYU7,0.001203775405883789
0,O7U66ZYEE3,0.0021004676818847656
0,3UZZ6T9I69,0.0012102127075195312
0,7IY7UZIZ6E,0.001178741455078125
0,7YYZT7TUYT,0.0011589527130126953
0,9U9EZ33697,0.001245260238647461
0,6933EOYI6I,0.0011756420135498047
0,I7UT3IEZOI,0.0012328624725341797
0,3TZ9OTU6Y6,0.0013418197631835938
0,UZZ77O7II9,0.0011935234069824219
0,6U379E6OIU,0.0011546611785888672
0,9OI6TU9ZT9,0.001222848892211914
0,9I763UO9UZ,0.0012874603271484375
0,Z993I7Y9TY,0.0012137889862060547
0,77EI9Y66ZI,0.0017135143280029297
0,ZI6U7OUE9U,0.0012013912200927734
0,3ZZ6UYT6ZU,0.001565694808959961
0,Z9E9IYU7UU,0.0012545585632324219
0,I9OE6OTYE9,0.0011937618255615234
0,TE6UIEOO7E,0.001207590103149414
0,Z33EZOE66I,0.0012149810791015625
0,3U9IUIZIEU,0.0017020702362060547
0,U6UU76YUYT,0.0011997222900390625
0,UYE6IE6ZOT,0.0018270015716552734
0,ET66O7UT6I,0.001163482666015625
0,TZZU6YI376,0.0011816024780273438
0,UEUTY6IO76,0.0012650489807128906
0,UOTI3O37EI,0.0012829303741455078
0,9O9TO3O3EY,0.0012822151184082031
0,OUI3O3336I,0.0011849403381347656
0,7ZT93TU9Z9,0.002494335174560547
0,6Z3ZETOOZU,0.001176595687866211
0,UU73I979ZE,0.0029706954956054688
0,7T3EZEZ36I,0.001215219497680664
0,OI3ZT7OU37,0.0012166500091552734
0,ZTUIUIIEZ6,0.0012018680572509766
0,3I6UII6I7T,0.001226186752319336
0,YIOOUTIO3Y,0.0013475418090820312
0,69TTZ37I7U,0.0017924308776855469
0,93U6YE6YT6,0.0011529922485351562
0,Y6969YTTUU,0.0011909008026123047
0,YT33Z9IYYZ,0.0019218921661376953
0,9YTTUI66OI,0.0018761157989501953
0,IZ9ZEYIT7I,0.0012705326080322266
0,363ZYI393U,0.0012660026550292969
0,TZTOOITT76,0.0027594566345214844
0,666OO9TY96,0.0011682510375976562
0,93OTIU66ZZ,0.001196146011352539
0,3ITY693TY7,0.0011835098266601562
0,T79UIUT7ZO,0.0012433528900146484
0,3U37Y6U7YI,0.0012240409851074219
0,TEITUE9O73,0.002763509750366211
0,63YOUT7EZ9,0.0012524127960205078
0,E7399TUEOI,0.0011904239654541016
0,E9ZE97ET7I,0.0013530254364013672
0,36369EEY6U,0.001194000244140625
0,TYI7UT6E7O,0.0012717247009277344
0,7Y63T3UY6O,0.0012803077697753906
0,IZT9IIZ77Y,0.0012395381927490234
0,99ETY9Y9YY,0.0014753341674804688
0,OEOU7ETYUT,0.001245260238647461
0,O7OUYI9Z7T,0.0011801719665527344
0,TO3TUYZUZY,0.0019230842590332031
0,EUYE9IZ7I6,0.0012845993041992188
0,T667766U99,0.0019860267639160156
0,EEET7ZTEEE,0.0011970996856689453
0,6UUOZ99TT7,0.0011708736419677734
0,67Y69O6YZY,0.0011818408966064453
0,63O393767O,0.00131988525390625
0,9ZITO7Y637,0.0011806488037109375
0,ZYZYY37U93,0.0012116432189941406
0,O99O36T6O6,0.0012660026550292969
0,39EY6YEOI6,0.0012369155883789062
0,IUOU9ZIZIU,0.0011966228485107422
0,OZ9YEI3I67,0.0012450218200683594
0,E6T9979IZU,0.001180410385131836
0,6ZUYITT9OT,0.001201629638671875
0,TZU79UIZUO,0.0013148784637451172
0,OTZ9EOUTUE,0.0011963844299316406
0,U6U93TEZYZ,0.0022513866424560547
0,79U9Z7UUTY,0.001194000244140625
0,YE6ZUYE7OE,0.0012977123260498047
0,OI67ZIUUT6,0.002480030059814453
0,7IZIO6IOTE,0.0025048255920410156
0,OYUIU7963U,0.0011837482452392578
0,E7IIZIOE3Z,0.0011839866638183594
0,E9UZ3YZT6Z,0.0012383460998535156
0,T77I3YOEU3,0.0011873245239257812
0,9Z9IZI3IU9,0.0030069351196289062
0,6O7Z6YOIOZ,0.001310110092163086
0,6TZU9Z7T7I,0.0017962455749511719
0,ZTTIE7973Y,0.0013036727905273438
0,7Z76IZUU93,0.0012753009796142578
0,T7YT7OIE9U,0.0012841224670410156
0,76YZ766TEU,0.0017092227935791016
0,I9Y9I633YZ,0.0012400150299072266
0,9TUIOTTIYY,0.001825094223022461
0,7EOOOOTZZT,0.0012044906616210938
0,67YIOY6OU7,0.0014069080352783203
0,U9OY3UYITI,0.0012204647064208984
0,9U63YY93EI,0.0012347698211669922
0,EU7YOTUOZO,0.0017242431640625
0,YYEZZIZUZU,0.001184225082397461
0,73O6U6U9T6,0.0011565685272216797
0,373Z3339EO,0.0018954277038574219
0,I3EE9Z63YU,0.001171112060546875
0,3TZ3EOE3YZ,0.0011718273162841797
0,U96OUTUE9U,0.003056049346923828
0,OZ7UUYIY39,0.0011858940124511719
0,3Z7367T9TY,0.001153707504272461
0,TIEO9ZTTEE,0.001251220703125
0,O6E937Z36T,0.0011401176452636719
0,OI363IUEOT,0.0011401176452636719
0,ZTZ36YZ97I,0.0011572837829589844
0,U7O7ZZEEZY,0.0011522769927978516
0,366T6YOTIU,0.0027887821197509766
0,UTY33937ZT,0.0012171268463134766
0,OOI6YETZTE,0.0011858940124511719
0,T7O7T3ZUI7,0.0012552738189697266
0,7TO63UTOYI,0.0011551380157470703
0,T3TEZ3E633,0.001214742660522461
0,3E77ZOOZEI,0.0013532638549804688
0,9IY9OEEUYI,0.0012059211730957031
0,IEUTZ6OEOY,0.0012521743774414062
0,ZUZOE3EIZZ,0.0011792182922363281
0,E3TY7TE3II,0.0012650489807128906
0,UI73YT6EYY,0.0011839866638183594
0,I9UZ67OO9U,0.0012564659118652344
0,96TEYOOYZY,0.0012211799621582031
0,EE93I7OYO9,0.001379251480102539
0,TE63OO396E,0.0018579959869384766
0,3ITUE63U3E,0.0025758743286132812
0,93ZOEZ9U3U,0.0012187957763671875
